scenario_id,source_id,origine_scenario,type_document,forme_juridique,pays_domiciliation,devise_principale,langue_document,gp_requis,document_present,forme_juridique_presente,pays_present,adresse_presente,devise_presente,gp_identifie,isin_statut,sfdr_statut,conformite_adresse,incoherence_detectee,version_document,nb_infos_bloquantes_manquantes,nb_controles_secondaires,regles_appliquees,statut_dossier_label,validation_humaine_requise
SCN_001,SRC_005,Scénario métier dérivé d’un prototype anonymisé,By-Laws,SLP,France,EUR,Français,Oui,Oui,Oui,Oui,Oui,Oui,Oui,Présent,Article 8,Conforme,Non,Finale,0,0,R007,Création possible,Oui
SCN_002,SRC_009,Scénario métier dérivé d’un prototype anonymisé,Legal document,Scottish LP,Royaume-Uni,GBP,Anglais,Oui,Oui,Non,Non,Oui,Oui,Oui,Présent,Non applicable,Conforme,Non,Finale,2,0,R002|R003,Complément documentaire requis avant création,Oui
SCN_003,SRC_007,Scénario métier dérivé d’un prototype anonymisé,Limited Partnership Agreement,SCSp-SICAV-RAIF,Luxembourg,EUR,Anglais,Oui,Oui,Oui,Oui,Oui,Oui,Oui,Ambigu,Article 8,Conforme,Non,Finale,0,1,R009,Analyse manuelle,Oui
SCN_004,SRC_008,Scénario métier dérivé d’un prototype anonymisé,Limited Partnership Agreement,LP,États-Unis,USD,Anglais,Oui,Oui,Oui,Oui,Oui,Oui,Oui,Présent,Non applicable,Conforme,Non,Finale,0,0,R007,Création possible,Oui
SCN_005,SRC_006,Scénario métier dérivé d’un prototype anonymisé,Limited Partnership Deed,LP,Royaume-Uni,GBP,Anglais,Oui,Oui,Oui,Oui,Oui,Non,Oui,Présent,Non applicable,Conforme,Non,Finale,1,0,R005,Complément documentaire requis avant création,Oui
SCN_006,SRC_005,Scénario métier dérivé d’un prototype anonymisé,By-Laws,SLP,France,EUR,Français,Oui,Oui,Oui,Oui,Oui,Oui,Oui,Provisoire,Article 8,Conforme,Oui,Finale,0,2,R009|R010,Analyse manuelle,Oui
SCN_007,SRC_008,Scénario métier dérivé d’un prototype anonymisé,Limited Partnership Agreement,LP,États-Unis,USD,Anglais,Oui,Oui,Oui,Oui,Oui,Oui,Oui,Présent,Non applicable,Conforme,Non,Finale,0,0,R007,Création possible,Oui
SCN_008,SRC_003,Scénario métier dérivé d’un prototype anonymisé,Prospectus,FCP,France,EUR,Français,Non,Non,Non,Oui,Oui,Non,Non applicable,Présent,Article 6,Conforme,Non,Finale,3,0,R001|R002|R005,Complément documentaire requis avant création,Oui
SCN_009,SRC_006,Scénario métier dérivé d’un prototype anonymisé,Limited Partnership Deed,LP,Royaume-Uni,GBP,Anglais,Oui,Oui,Oui,Oui,Oui,Oui,Oui,Présent,Absent alors qu’attendu,Conforme,Non,Finale,0,1,R008,Analyse manuelle,Oui
SCN_010,SRC_006,Scénario métier dérivé d’un prototype anonymisé,Limited Partnership Deed,LP,Royaume-Uni,GBP,Anglais,Oui,Oui,Oui,Oui,Oui,Oui,Oui,Présent,Non applicable,Conforme,Non,Finale,0,0,R007,Création possible,Oui
SCN_011,SRC_008,Scénario métier dérivé d’un prototype anonymisé,Limited Partnership Agreement,LP,États-Unis,USD,Anglais,Oui,Non,Non,Oui,Non,Oui,Oui,Présent,Non applicable,Conforme,Non,Finale,3,0,R001|R002|R004,Complément documentaire requis avant création,Oui
SCN_012,SRC_010,Scénario métier dérivé d’un prototype anonymisé,Limited Partnership Agreement,LP,États-Unis,USD,Anglais,Oui,Oui,Oui,Oui,Oui,Oui,Oui,Présent,Non applicable,Conforme,Non,Provisoire,0,1,R012,Analyse manuelle,Oui
SCN_013,SRC_001,Scénario métier dérivé d’un prototype anonymisé,Prospectus,FPS,France,EUR,Français,Non,Oui,Oui,Oui,Oui,Oui,Non applicable,Présent,Article 8,Conforme,Non,Finale,0,0,R007,Création possible,Oui
SCN_014,SRC_008,Scénario métier dérivé d’un prototype anonymisé,Limited Partnership Agreement,LP,États-Unis,USD,Anglais,Oui,Oui,Oui,Non,Oui,Oui,Oui,Présent,Non applicable,Conforme,Non,Finale,1,0,R003,Complément documentaire requis avant création,Oui
SCN_015,SRC_009,Scénario métier dérivé d’un prototype anonymisé,Legal document,Scottish LP,Royaume-Uni,GBP,Anglais,Oui,Oui,Oui,Oui,Oui,Oui,Oui,Présent,Non applicable,Conforme,Non,Provisoire,0,1,R012,Analyse manuelle,Oui
SCN_016,SRC_002,Scénario métier dérivé d’un prototype anonymisé,Règlement / By-Laws,FPCI,France,EUR,Français,Non,Oui,Oui,Oui,Oui,Oui,Non applicable,Présent,Article 8,Conforme,Non,Finale,0,0,R007,Création possible,Oui
SCN_017,SRC_009,Scénario métier dérivé d’un prototype anonymisé,Legal document,Scottish LP,Royaume-Uni,GBP,Anglais,Oui,Oui,Oui,Oui,Oui,Non,Oui,Présent,Non applicable,Conforme,Non,Finale,1,0,R005,Complément documentaire requis avant création,Oui
SCN_018,SRC_009,Scénario métier dérivé d’un prototype anonymisé,Legal document,Scottish LP,Royaume-Uni,GBP,Anglais,Oui,Oui,Oui,Oui,Oui,Oui,Oui,Présent,Non applicable,Conforme,Oui,Finale,0,1,R010,Analyse manuelle,Oui
SCN_019,SRC_006,Scénario métier dérivé d’un prototype anonymisé,Limited Partnership Deed,LP,Royaume-Uni,GBP,Anglais,Oui,Oui,Oui,Oui,Oui,Oui,Oui,Présent,Non applicable,Conforme,Non,Finale,0,0,R007,Création possible,Oui
SCN_020,SRC_009,Scénario métier dérivé d’un prototype anonymisé,Legal document,Scottish LP,Royaume-Uni,GBP,Anglais,Oui,Non,Oui,Non,Oui,Oui,Oui,Présent,Non applicable,Conforme,Non,Finale,2,0,R001|R003,Complément documentaire requis avant création,Oui
SCN_021,SRC_005,Scénario métier dérivé d’un prototype anonymisé,By-Laws,SLP,France,EUR,Français,Oui,Oui,Oui,Oui,Oui,Oui,Oui,Présent,Absent alors qu’attendu,Conforme,Non,Finale,0,1,R008,Analyse manuelle,Oui
SCN_022,SRC_001,Scénario métier dérivé d’un prototype anonymisé,Prospectus,FPS,France,EUR,Français,Non,Oui,Oui,Oui,Oui,Oui,Non applicable,Présent,Article 8,Conforme,Non,Finale,0,0,R007,Création possible,Oui
SCN_023,SRC_008,Scénario métier dérivé d’un prototype anonymisé,Limited Partnership Agreement,LP,États-Unis,USD,Anglais,Oui,Non,Oui,Non,Non,Oui,Oui,Présent,Non applicable,Conforme,Non,Finale,3,0,R001|R003|R004,Complément documentaire requis avant création,Oui
SCN_024,SRC_003,Scénario métier dérivé d’un prototype anonymisé,Prospectus,FCP,France,EUR,Français,Non,Oui,Oui,Oui,Oui,Oui,Non applicable,Provisoire,Article 6,À vérifier,Non,Finale,0,2,R009|R011,Analyse manuelle,Oui
SCN_025,SRC_004,Scénario métier dérivé d’un prototype anonymisé,Prospectus,OPCVM-FCP,France,EUR,Français,Non,Oui,Oui,Oui,Oui,Oui,Non applicable,Présent,Article 8,Conforme,Non,Finale,0,0,R007,Création possible,Oui
SCN_026,SRC_009,Scénario métier dérivé d’un prototype anonymisé,Legal document,Scottish LP,Royaume-Uni,GBP,Anglais,Oui,Oui,Oui,Non,Oui,Oui,Oui,Présent,Non applicable,Conforme,Non,Finale,1,0,R003,Complément documentaire requis avant création,Oui
SCN_027,SRC_002,Scénario métier dérivé d’un prototype anonymisé,Règlement / By-Laws,FPCI,France,EUR,Français,Non,Oui,Oui,Oui,Oui,Oui,Non applicable,Présent,Article 8,Conforme,Oui,Provisoire,0,2,R010|R012,Analyse manuelle,Oui
SCN_028,SRC_008,Scénario métier dérivé d’un prototype anonymisé,Limited Partnership Agreement,LP,États-Unis,USD,Anglais,Oui,Oui,Oui,Oui,Oui,Oui,Oui,Présent,Non applicable,Conforme,Non,Finale,0,0,R007,Création possible,Oui
SCN_029,SRC_004,Scénario métier dérivé d’un prototype anonymisé,Prospectus,OPCVM-FCP,France,EUR,Français,Non,Oui,Non,Oui,Oui,Non,Non applicable,Présent,Article 8,Conforme,Non,Finale,2,0,R002|R005,Complément documentaire requis avant création,Oui
SCN_030,SRC_005,Scénario métier dérivé d’un prototype anonymisé,By-Laws,SLP,France,EUR,Français,Oui,Oui,Oui,Oui,Oui,Oui,Oui,Présent,Article 8,Conforme,Oui,Finale,0,1,R010,Analyse manuelle,Oui
SCN_031,SRC_005,Scénario métier dérivé d’un prototype anonymisé,By-Laws,SLP,France,EUR,Français,Oui,Oui,Oui,Oui,Oui,Oui,Oui,Présent,Article 8,Conforme,Non,Finale,0,0,R007,Création possible,Oui
SCN_032,SRC_003,Scénario métier dérivé d’un prototype anonymisé,Prospectus,FCP,France,EUR,Français,Non,Oui,Non,Oui,Non,Non,Non applicable,Présent,Article 6,Conforme,Non,Finale,3,0,R002|R004|R005,Complément documentaire requis avant création,Oui
SCN_033,SRC_010,Scénario métier dérivé d’un prototype anonymisé,Limited Partnership Agreement,LP,États-Unis,USD,Anglais,Oui,Oui,Oui,Oui,Oui,Oui,Oui,Présent,Non applicable,Conforme,Oui,Finale,0,1,R010,Analyse manuelle,Oui
SCN_034,SRC_009,Scénario métier dérivé d’un prototype anonymisé,Legal document,Scottish LP,Royaume-Uni,GBP,Anglais,Oui,Oui,Oui,Oui,Oui,Oui,Oui,Présent,Non applicable,Conforme,Non,Finale,0,0,R007,Création possible,Oui
SCN_035,SRC_009,Scénario métier dérivé d’un prototype anonymisé,Legal document,Scottish LP,Royaume-Uni,GBP,Anglais,Oui,Oui,Oui,Non,Non,Non,Oui,Présent,Non applicable,Conforme,Non,Finale,3,0,R003|R004|R005,Complément documentaire requis avant création,Oui
SCN_036,SRC_010,Scénario métier dérivé d’un prototype anonymisé,Limited Partnership Agreement,LP,États-Unis,USD,Anglais,Oui,Oui,Oui,Oui,Oui,Oui,Oui,Ambigu,Non applicable,À vérifier,Non,Finale,0,2,R009|R011,Analyse manuelle,Oui
SCN_037,SRC_007,Scénario métier dérivé d’un prototype anonymisé,Limited Partnership Agreement,SCSp-SICAV-RAIF,Luxembourg,EUR,Anglais,Oui,Oui,Oui,Oui,Oui,Oui,Oui,Présent,Article 8,Conforme,Non,Finale,0,0,R007,Création possible,Oui
SCN_038,SRC_004,Scénario métier dérivé d’un prototype anonymisé,Prospectus,OPCVM-FCP,France,EUR,Français,Non,Non,Oui,Oui,Non,Oui,Non applicable,Présent,Article 8,Conforme,Non,Finale,2,0,R001|R004,Complément documentaire requis avant création,Oui
SCN_039,SRC_005,Scénario métier dérivé d’un prototype anonymisé,By-Laws,SLP,France,EUR,Français,Oui,Oui,Oui,Oui,Oui,Oui,Oui,Présent,Absent alors qu’attendu,Conforme,Non,Finale,0,1,R008,Analyse manuelle,Oui
SCN_040,SRC_006,Scénario métier dérivé d’un prototype anonymisé,Limited Partnership Deed,LP,Royaume-Uni,GBP,Anglais,Oui,Oui,Oui,Oui,Oui,Oui,Oui,Présent,Non applicable,Conforme,Non,Finale,0,0,R007,Création possible,Oui
SCN_041,SRC_010,Scénario métier dérivé d’un prototype anonymisé,Limited Partnership Agreement,LP,États-Unis,USD,Anglais,Oui,Oui,Oui,Oui,Oui,Oui,Non,Présent,Non applicable,Conforme,Non,Finale,1,0,R006,Complément documentaire requis avant création,Oui
SCN_042,SRC_005,Scénario métier dérivé d’un prototype anonymisé,By-Laws,SLP,France,EUR,Français,Oui,Oui,Oui,Oui,Oui,Oui,Oui,Présent,Article 8,Conforme,Oui,Finale,0,1,R010,Analyse manuelle,Oui
SCN_043,SRC_001,Scénario métier dérivé d’un prototype anonymisé,Prospectus,FPS,France,EUR,Français,Non,Oui,Oui,Oui,Oui,Oui,Non applicable,Présent,Article 8,Conforme,Non,Finale,0,0,R007,Création possible,Oui
SCN_044,SRC_003,Scénario métier dérivé d’un prototype anonymisé,Prospectus,FCP,France,EUR,Français,Non,Non,Oui,Oui,Oui,Non,Non applicable,Présent,Article 6,Conforme,Non,Finale,2,0,R001|R005,Complément documentaire requis avant création,Oui
SCN_045,SRC_010,Scénario métier dérivé d’un prototype anonymisé,Limited Partnership Agreement,LP,États-Unis,USD,Anglais,Oui,Oui,Oui,Oui,Oui,Oui,Oui,Provisoire,Absent alors qu’attendu,Conforme,Non,Finale,0,2,R008|R009,Analyse manuelle,Oui
SCN_046,SRC_007,Scénario métier dérivé d’un prototype anonymisé,Limited Partnership Agreement,SCSp-SICAV-RAIF,Luxembourg,EUR,Anglais,Oui,Oui,Oui,Oui,Oui,Oui,Oui,Présent,Article 8,Conforme,Non,Finale,0,0,R007,Création possible,Oui
SCN_047,SRC_003,Scénario métier dérivé d’un prototype anonymisé,Prospectus,FCP,France,EUR,Français,Non,Non,Oui,Oui,Oui,Oui,Non applicable,Présent,Article 6,Conforme,Non,Finale,1,0,R001,Complément documentaire requis avant création,Oui
SCN_048,SRC_004,Scénario métier dérivé d’un prototype anonymisé,Prospectus,OPCVM-FCP,France,EUR,Français,Non,Oui,Oui,Oui,Oui,Oui,Non applicable,Ambigu,Article 8,Conforme,Non,Provisoire,0,2,R009|R012,Analyse manuelle,Oui
SCN_049,SRC_003,Scénario métier dérivé d’un prototype anonymisé,Prospectus,FCP,France,EUR,Français,Non,Oui,Oui,Oui,Oui,Oui,Non applicable,Présent,Article 6,Conforme,Non,Finale,0,0,R007,Création possible,Oui
SCN_050,SRC_005,Scénario métier dérivé d’un prototype anonymisé,By-Laws,SLP,France,EUR,Français,Oui,Oui,Oui,Non,Oui,Oui,Oui,Présent,Article 8,Conforme,Non,Finale,1,0,R003,Complément documentaire requis avant création,Oui
SCN_051,SRC_002,Scénario métier dérivé d’un prototype anonymisé,Règlement / By-Laws,FPCI,France,EUR,Français,Non,Oui,Oui,Oui,Oui,Oui,Non applicable,Présent,Article 8,Conforme,Oui,Finale,0,1,R010,Analyse manuelle,Oui
SCN_052,SRC_005,Scénario métier dérivé d’un prototype anonymisé,By-Laws,SLP,France,EUR,Français,Oui,Oui,Oui,Oui,Oui,Oui,Oui,Présent,Article 8,Conforme,Non,Finale,0,0,R007,Création possible,Oui
SCN_053,SRC_003,Scénario métier dérivé d’un prototype anonymisé,Prospectus,FCP,France,EUR,Français,Non,Non,Oui,Non,Oui,Non,Non applicable,Présent,Article 6,Conforme,Non,Finale,3,0,R001|R003|R005,Complément documentaire requis avant création,Oui
SCN_054,SRC_007,Scénario métier dérivé d’un prototype anonymisé,Limited Partnership Agreement,SCSp-SICAV-RAIF,Luxembourg,EUR,Anglais,Oui,Oui,Oui,Oui,Oui,Oui,Oui,Provisoire,Article 8,Conforme,Non,Finale,0,1,R009,Analyse manuelle,Oui
SCN_055,SRC_008,Scénario métier dérivé d’un prototype anonymisé,Limited Partnership Agreement,LP,États-Unis,USD,Anglais,Oui,Oui,Oui,Oui,Oui,Oui,Oui,Présent,Non applicable,Conforme,Non,Finale,0,0,R007,Création possible,Oui
SCN_056,SRC_007,Scénario métier dérivé d’un prototype anonymisé,Limited Partnership Agreement,SCSp-SICAV-RAIF,Luxembourg,EUR,Anglais,Oui,Oui,Oui,Oui,Oui,Oui,Non,Présent,Article 8,Conforme,Non,Finale,1,0,R006,Complément documentaire requis avant création,Oui
SCN_057,SRC_009,Scénario métier dérivé d’un prototype anonymisé,Legal document,Scottish LP,Royaume-Uni,GBP,Anglais,Oui,Oui,Oui,Oui,Oui,Oui,Oui,Présent,Non applicable,Conforme,Oui,Finale,0,1,R010,Analyse manuelle,Oui
SCN_058,SRC_008,Scénario métier dérivé d’un prototype anonymisé,Limited Partnership Agreement,LP,États-Unis,USD,Anglais,Oui,Oui,Oui,Oui,Oui,Oui,Oui,Présent,Non applicable,Conforme,Non,Finale,0,0,R007,Création possible,Oui
SCN_059,SRC_002,Scénario métier dérivé d’un prototype anonymisé,Règlement / By-Laws,FPCI,France,EUR,Français,Non,Oui,Non,Oui,Oui,Oui,Non applicable,Présent,Article 8,Conforme,Non,Finale,1,0,R002,Complément documentaire requis avant création,Oui
SCN_060,SRC_005,Scénario métier dérivé d’un prototype anonymisé,By-Laws,SLP,France,EUR,Français,Oui,Oui,Oui,Oui,Oui,Oui,Oui,Provisoire,Article 8,Conforme,Non,Finale,0,1,R009,Analyse manuelle,Oui
SCN_061,SRC_005,Scénario métier dérivé d’un prototype anonymisé,By-Laws,SLP,France,EUR,Français,Oui,Oui,Oui,Oui,Oui,Oui,Oui,Présent,Article 8,Conforme,Non,Finale,0,0,R007,Création possible,Oui
SCN_062,SRC_001,Scénario métier dérivé d’un prototype anonymisé,Prospectus,FPS,France,EUR,Français,Non,Non,Oui,Oui,Oui,Oui,Non applicable,Présent,Article 8,Conforme,Non,Finale,1,0,R001,Complément documentaire requis avant création,Oui
SCN_063,SRC_007,Scénario métier dérivé d’un prototype anonymisé,Limited Partnership Agreement,SCSp-SICAV-RAIF,Luxembourg,EUR,Anglais,Oui,Oui,Oui,Oui,Oui,Oui,Oui,Provisoire,Article 8,Conforme,Non,Finale,0,1,R009,Analyse manuelle,Oui
SCN_064,SRC_004,Scénario métier dérivé d’un prototype anonymisé,Prospectus,OPCVM-FCP,France,EUR,Français,Non,Oui,Oui,Oui,Oui,Oui,Non applicable,Présent,Article 8,Conforme,Non,Finale,0,0,R007,Création possible,Oui
SCN_065,SRC_002,Scénario métier dérivé d’un prototype anonymisé,Règlement / By-Laws,FPCI,France,EUR,Français,Non,Oui,Non,Oui,Oui,Oui,Non applicable,Présent,Article 8,Conforme,Non,Finale,1,0,R002,Complément documentaire requis avant création,Oui
SCN_066,SRC_006,Scénario métier dérivé d’un prototype anonymisé,Limited Partnership Deed,LP,Royaume-Uni,GBP,Anglais,Oui,Oui,Oui,Oui,Oui,Oui,Oui,Présent,Non applicable,Conforme,Oui,Provisoire,0,2,R010|R012,Analyse manuelle,Oui
SCN_067,SRC_001,Scénario métier dérivé d’un prototype anonymisé,Prospectus,FPS,France,EUR,Français,Non,Oui,Oui,Oui,Oui,Oui,Non applicable,Présent,Article 8,Conforme,Non,Finale,0,0,R007,Création possible,Oui
SCN_068,SRC_010,Scénario métier dérivé d’un prototype anonymisé,Limited Partnership Agreement,LP,États-Unis,USD,Anglais,Oui,Oui,Oui,Oui,Oui,Non,Oui,Présent,Non applicable,Conforme,Non,Finale,1,0,R005,Complément documentaire requis avant création,Oui
SCN_069,SRC_010,Scénario métier dérivé d’un prototype anonymisé,Limited Partnership Agreement,LP,États-Unis,USD,Anglais,Oui,Oui,Oui,Oui,Oui,Oui,Oui,Présent,Absent alors qu’attendu,Conforme,Non,Finale,0,1,R008,Analyse manuelle,Oui
SCN_070,SRC_005,Scénario métier dérivé d’un prototype anonymisé,By-Laws,SLP,France,EUR,Français,Oui,Oui,Oui,Oui,Oui,Oui,Oui,Présent,Article 8,Conforme,Non,Finale,0,0,R007,Création possible,Oui
SCN_071,SRC_010,Scénario métier dérivé d’un prototype anonymisé,Limited Partnership Agreement,LP,États-Unis,USD,Anglais,Oui,Oui,Oui,Oui,Non,Oui,Oui,Présent,Non applicable,Conforme,Non,Finale,1,0,R004,Complément documentaire requis avant création,Oui
SCN_072,SRC_002,Scénario métier dérivé d’un prototype anonymisé,Règlement / By-Laws,FPCI,France,EUR,Français,Non,Oui,Oui,Oui,Oui,Oui,Non applicable,Présent,Article 8,À vérifier,Non,Finale,0,1,R011,Analyse manuelle,Oui
SCN_073,SRC_002,Scénario métier dérivé d’un prototype anonymisé,Règlement / By-Laws,FPCI,France,EUR,Français,Non,Oui,Oui,Oui,Oui,Oui,Non applicable,Présent,Article 8,Conforme,Non,Finale,0,0,R007,Création possible,Oui
SCN_074,SRC_003,Scénario métier dérivé d’un prototype anonymisé,Prospectus,FCP,France,EUR,Français,Non,Oui,Non,Oui,Oui,Oui,Non applicable,Présent,Article 6,Conforme,Non,Finale,1,0,R002,Complément documentaire requis avant création,Oui
SCN_075,SRC_002,Scénario métier dérivé d’un prototype anonymisé,Règlement / By-Laws,FPCI,France,EUR,Français,Non,Oui,Oui,Oui,Oui,Oui,Non applicable,Ambigu,Article 8,Conforme,Non,Finale,0,1,R009,Analyse manuelle,Oui
SCN_076,SRC_004,Scénario métier dérivé d’un prototype anonymisé,Prospectus,OPCVM-FCP,France,EUR,Français,Non,Oui,Oui,Oui,Oui,Oui,Non applicable,Présent,Article 8,Conforme,Non,Finale,0,0,R007,Création possible,Oui
SCN_077,SRC_010,Scénario métier dérivé d’un prototype anonymisé,Limited Partnership Agreement,LP,États-Unis,USD,Anglais,Oui,Oui,Oui,Oui,Oui,Oui,Non,Présent,Non applicable,Conforme,Non,Finale,1,0,R006,Complément documentaire requis avant création,Oui
SCN_078,SRC_010,Scénario métier dérivé d’un prototype anonymisé,Limited Partnership Agreement,LP,États-Unis,USD,Anglais,Oui,Oui,Oui,Oui,Oui,Oui,Oui,Ambigu,Non applicable,Conforme,Oui,Finale,0,2,R009|R010,Analyse manuelle,Oui
SCN_079,SRC_008,Scénario métier dérivé d’un prototype anonymisé,Limited Partnership Agreement,LP,États-Unis,USD,Anglais,Oui,Oui,Oui,Oui,Oui,Oui,Oui,Présent,Non applicable,Conforme,Non,Finale,0,0,R007,Création possible,Oui
SCN_080,SRC_006,Scénario métier dérivé d’un prototype anonymisé,Limited Partnership Deed,LP,Royaume-Uni,GBP,Anglais,Oui,Oui,Oui,Non,Oui,Non,Oui,Présent,Non applicable,Conforme,Non,Finale,2,0,R003|R005,Complément documentaire requis avant création,Oui
SCN_081,SRC_002,Scénario métier dérivé d’un prototype anonymisé,Règlement / By-Laws,FPCI,France,EUR,Français,Non,Oui,Oui,Oui,Oui,Oui,Non applicable,Présent,Article 8,Conforme,Non,Provisoire,0,1,R012,Analyse manuelle,Oui
SCN_082,SRC_002,Scénario métier dérivé d’un prototype anonymisé,Règlement / By-Laws,FPCI,France,EUR,Français,Non,Oui,Oui,Oui,Oui,Oui,Non applicable,Présent,Article 8,Conforme,Non,Finale,0,0,R007,Création possible,Oui
SCN_083,SRC_010,Scénario métier dérivé d’un prototype anonymisé,Limited Partnership Agreement,LP,États-Unis,USD,Anglais,Oui,Oui,Oui,Oui,Non,Oui,Oui,Présent,Non applicable,Conforme,Non,Finale,1,0,R004,Complément documentaire requis avant création,Oui
SCN_084,SRC_010,Scénario métier dérivé d’un prototype anonymisé,Limited Partnership Agreement,LP,États-Unis,USD,Anglais,Oui,Oui,Oui,Oui,Oui,Oui,Oui,Présent,Absent alors qu’attendu,Conforme,Non,Finale,0,1,R008,Analyse manuelle,Oui
SCN_085,SRC_010,Scénario métier dérivé d’un prototype anonymisé,Limited Partnership Agreement,LP,États-Unis,USD,Anglais,Oui,Oui,Oui,Oui,Oui,Oui,Oui,Présent,Non applicable,Conforme,Non,Finale,0,0,R007,Création possible,Oui
SCN_086,SRC_005,Scénario métier dérivé d’un prototype anonymisé,By-Laws,SLP,France,EUR,Français,Oui,Non,Oui,Non,Oui,Oui,Oui,Présent,Article 8,Conforme,Non,Finale,2,0,R001|R003,Complément documentaire requis avant création,Oui
SCN_087,SRC_001,Scénario métier dérivé d’un prototype anonymisé,Prospectus,FPS,France,EUR,Français,Non,Oui,Oui,Oui,Oui,Oui,Non applicable,Présent,Article 8,À vérifier,Non,Finale,0,1,R011,Analyse manuelle,Oui
SCN_088,SRC_005,Scénario métier dérivé d’un prototype anonymisé,By-Laws,SLP,France,EUR,Français,Oui,Oui,Oui,Oui,Oui,Oui,Oui,Présent,Article 8,Conforme,Non,Finale,0,0,R007,Création possible,Oui
SCN_089,SRC_003,Scénario métier dérivé d’un prototype anonymisé,Prospectus,FCP,France,EUR,Français,Non,Non,Non,Non,Oui,Oui,Non applicable,Présent,Article 6,Conforme,Non,Finale,3,0,R001|R002|R003,Complément documentaire requis avant création,Oui
SCN_090,SRC_009,Scénario métier dérivé d’un prototype anonymisé,Legal document,Scottish LP,Royaume-Uni,GBP,Anglais,Oui,Oui,Oui,Oui,Oui,Oui,Oui,Présent,Non applicable,À vérifier,Non,Finale,0,1,R011,Analyse manuelle,Oui
SCN_091,SRC_002,Scénario métier dérivé d’un prototype anonymisé,Règlement / By-Laws,FPCI,France,EUR,Français,Non,Oui,Oui,Oui,Oui,Oui,Non applicable,Présent,Article 8,Conforme,Non,Finale,0,0,R007,Création possible,Oui
SCN_092,SRC_002,Scénario métier dérivé d’un prototype anonymisé,Règlement / By-Laws,FPCI,France,EUR,Français,Non,Oui,Oui,Oui,Oui,Non,Non applicable,Présent,Article 8,Conforme,Non,Finale,1,0,R005,Complément documentaire requis avant création,Oui
SCN_093,SRC_010,Scénario métier dérivé d’un prototype anonymisé,Limited Partnership Agreement,LP,États-Unis,USD,Anglais,Oui,Oui,Oui,Oui,Oui,Oui,Oui,Présent,Non applicable,À vérifier,Non,Finale,0,1,R011,Analyse manuelle,Oui
SCN_094,SRC_004,Scénario métier dérivé d’un prototype anonymisé,Prospectus,OPCVM-FCP,France,EUR,Français,Non,Oui,Oui,Oui,Oui,Oui,Non applicable,Présent,Article 8,Conforme,Non,Finale,0,0,R007,Création possible,Oui
SCN_095,SRC_005,Scénario métier dérivé d’un prototype anonymisé,By-Laws,SLP,France,EUR,Français,Oui,Oui,Non,Oui,Non,Oui,Non,Présent,Article 8,Conforme,Non,Finale,3,0,R002|R004|R006,Complément documentaire requis avant création,Oui
SCN_096,SRC_004,Scénario métier dérivé d’un prototype anonymisé,Prospectus,OPCVM-FCP,France,EUR,Français,Non,Oui,Oui,Oui,Oui,Oui,Non applicable,Présent,Article 8,Conforme,Non,Provisoire,0,1,R012,Analyse manuelle,Oui
SCN_097,SRC_010,Scénario métier dérivé d’un prototype anonymisé,Limited Partnership Agreement,LP,États-Unis,USD,Anglais,Oui,Oui,Oui,Oui,Oui,Oui,Oui,Présent,Non applicable,Conforme,Non,Finale,0,0,R007,Création possible,Oui
SCN_098,SRC_001,Scénario métier dérivé d’un prototype anonymisé,Prospectus,FPS,France,EUR,Français,Non,Oui,Oui,Oui,Oui,Non,Non applicable,Présent,Article 8,Conforme,Non,Finale,1,0,R005,Complément documentaire requis avant création,Oui
SCN_099,SRC_001,Scénario métier dérivé d’un prototype anonymisé,Prospectus,FPS,France,EUR,Français,Non,Oui,Oui,Oui,Oui,Oui,Non applicable,Présent,Absent alors qu’attendu,À vérifier,Non,Finale,0,2,R008|R011,Analyse manuelle,Oui
SCN_100,SRC_007,Scénario métier dérivé d’un prototype anonymisé,Limited Partnership Agreement,SCSp-SICAV-RAIF,Luxembourg,EUR,Anglais,Oui,Oui,Oui,Oui,Oui,Oui,Oui,Présent,Article 8,Conforme,Non,Finale,0,0,R007,Création possible,Oui
SCN_101,SRC_002,Scénario métier dérivé d’un prototype anonymisé,Règlement / By-Laws,FPCI,France,EUR,Français,Non,Oui,Oui,Oui,Non,Oui,Non applicable,Présent,Article 8,Conforme,Non,Finale,1,0,R004,Complément documentaire requis avant création,Oui
SCN_102,SRC_005,Scénario métier dérivé d’un prototype anonymisé,By-Laws,SLP,France,EUR,Français,Oui,Oui,Oui,Oui,Oui,Oui,Oui,Présent,Article 8,Conforme,Oui,Finale,0,1,R010,Analyse manuelle,Oui
SCN_103,SRC_009,Scénario métier dérivé d’un prototype anonymisé,Legal document,Scottish LP,Royaume-Uni,GBP,Anglais,Oui,Oui,Oui,Oui,Oui,Oui,Oui,Présent,Non applicable,Conforme,Non,Finale,0,0,R007,Création possible,Oui
SCN_104,SRC_001,Scénario métier dérivé d’un prototype anonymisé,Prospectus,FPS,France,EUR,Français,Non,Oui,Oui,Oui,Oui,Non,Non applicable,Présent,Article 8,Conforme,Non,Finale,1,0,R005,Complément documentaire requis avant création,Oui
SCN_105,SRC_008,Scénario métier dérivé d’un prototype anonymisé,Limited Partnership Agreement,LP,États-Unis,USD,Anglais,Oui,Oui,Oui,Oui,Oui,Oui,Oui,Présent,Non applicable,À vérifier,Non,Finale,0,1,R011,Analyse manuelle,Oui
SCN_106,SRC_002,Scénario métier dérivé d’un prototype anonymisé,Règlement / By-Laws,FPCI,France,EUR,Français,Non,Oui,Oui,Oui,Oui,Oui,Non applicable,Présent,Article 8,Conforme,Non,Finale,0,0,R007,Création possible,Oui
SCN_107,SRC_001,Scénario métier dérivé d’un prototype anonymisé,Prospectus,FPS,France,EUR,Français,Non,Oui,Oui,Oui,Oui,Non,Non applicable,Présent,Article 8,Conforme,Non,Finale,1,0,R005,Complément documentaire requis avant création,Oui
SCN_108,SRC_001,Scénario métier dérivé d’un prototype anonymisé,Prospectus,FPS,France,EUR,Français,Non,Oui,Oui,Oui,Oui,Oui,Non applicable,Présent,Article 8,Conforme,Non,Provisoire,0,1,R012,Analyse manuelle,Oui
SCN_109,SRC_010,Scénario métier dérivé d’un prototype anonymisé,Limited Partnership Agreement,LP,États-Unis,USD,Anglais,Oui,Oui,Oui,Oui,Oui,Oui,Oui,Présent,Non applicable,Conforme,Non,Finale,0,0,R007,Création possible,Oui
SCN_110,SRC_007,Scénario métier dérivé d’un prototype anonymisé,Limited Partnership Agreement,SCSp-SICAV-RAIF,Luxembourg,EUR,Anglais,Oui,Oui,Oui,Oui,Oui,Non,Oui,Présent,Article 8,Conforme,Non,Finale,1,0,R005,Complément documentaire requis avant création,Oui
SCN_111,SRC_004,Scénario métier dérivé d’un prototype anonymisé,Prospectus,OPCVM-FCP,France,EUR,Français,Non,Oui,Oui,Oui,Oui,Oui,Non applicable,Présent,Article 8,Conforme,Non,Provisoire,0,1,R012,Analyse manuelle,Oui
SCN_112,SRC_007,Scénario métier dérivé d’un prototype anonymisé,Limited Partnership Agreement,SCSp-SICAV-RAIF,Luxembourg,EUR,Anglais,Oui,Oui,Oui,Oui,Oui,Oui,Oui,Présent,Article 8,Conforme,Non,Finale,0,0,R007,Création possible,Oui
SCN_113,SRC_002,Scénario métier dérivé d’un prototype anonymisé,Règlement / By-Laws,FPCI,France,EUR,Français,Non,Non,Oui,Oui,Oui,Oui,Non applicable,Présent,Article 8,Conforme,Non,Finale,1,0,R001,Complément documentaire requis avant création,Oui
SCN_114,SRC_009,Scénario métier dérivé d’un prototype anonymisé,Legal document,Scottish LP,Royaume-Uni,GBP,Anglais,Oui,Oui,Oui,Oui,Oui,Oui,Oui,Présent,Non applicable,Conforme,Non,Provisoire,0,1,R012,Analyse manuelle,Oui
SCN_115,SRC_009,Scénario métier dérivé d’un prototype anonymisé,Legal document,Scottish LP,Royaume-Uni,GBP,Anglais,Oui,Oui,Oui,Oui,Oui,Oui,Oui,Présent,Non applicable,Conforme,Non,Finale,0,0,R007,Création possible,Oui
SCN_116,SRC_008,Scénario métier dérivé d’un prototype anonymisé,Limited Partnership Agreement,LP,États-Unis,USD,Anglais,Oui,Oui,Oui,Oui,Non,Non,Oui,Présent,Non applicable,Conforme,Non,Finale,2,0,R004|R005,Complément documentaire requis avant création,Oui
SCN_117,SRC_009,Scénario métier dérivé d’un prototype anonymisé,Legal document,Scottish LP,Royaume-Uni,GBP,Anglais,Oui,Oui,Oui,Oui,Oui,Oui,Oui,Présent,Non applicable,À vérifier,Non,Finale,0,1,R011,Analyse manuelle,Oui
SCN_118,SRC_001,Scénario métier dérivé d’un prototype anonymisé,Prospectus,FPS,France,EUR,Français,Non,Oui,Oui,Oui,Oui,Oui,Non applicable,Présent,Article 8,Conforme,Non,Finale,0,0,R007,Création possible,Oui
SCN_119,SRC_005,Scénario métier dérivé d’un prototype anonymisé,By-Laws,SLP,France,EUR,Français,Oui,Oui,Oui,Oui,Non,Oui,Oui,Présent,Article 8,Conforme,Non,Finale,1,0,R004,Complément documentaire requis avant création,Oui
SCN_120,SRC_004,Scénario métier dérivé d’un prototype anonymisé,Prospectus,OPCVM-FCP,France,EUR,Français,Non,Oui,Oui,Oui,Oui,Oui,Non applicable,Provisoire,Article 8,Conforme,Non,Finale,0,1,R009,Analyse manuelle,Oui
SCN_121,SRC_006,Scénario métier dérivé d’un prototype anonymisé,Limited Partnership Deed,LP,Royaume-Uni,GBP,Anglais,Oui,Oui,Oui,Oui,Oui,Oui,Oui,Présent,Non applicable,Conforme,Non,Finale,0,0,R007,Création possible,Oui
SCN_122,SRC_004,Scénario métier dérivé d’un prototype anonymisé,Prospectus,OPCVM-FCP,France,EUR,Français,Non,Oui,Oui,Oui,Non,Non,Non applicable,Présent,Article 8,Conforme,Non,Finale,2,0,R004|R005,Complément documentaire requis avant création,Oui
SCN_123,SRC_007,Scénario métier dérivé d’un prototype anonymisé,Limited Partnership Agreement,SCSp-SICAV-RAIF,Luxembourg,EUR,Anglais,Oui,Oui,Oui,Oui,Oui,Oui,Oui,Présent,Article 8,Conforme,Non,Provisoire,0,1,R012,Analyse manuelle,Oui
SCN_124,SRC_005,Scénario métier dérivé d’un prototype anonymisé,By-Laws,SLP,France,EUR,Français,Oui,Oui,Oui,Oui,Oui,Oui,Oui,Présent,Article 8,Conforme,Non,Finale,0,0,R007,Création possible,Oui
SCN_125,SRC_009,Scénario métier dérivé d’un prototype anonymisé,Legal document,Scottish LP,Royaume-Uni,GBP,Anglais,Oui,Non,Oui,Oui,Oui,Non,Non,Présent,Non applicable,Conforme,Non,Finale,3,0,R001|R005|R006,Complément documentaire requis avant création,Oui
SCN_126,SRC_004,Scénario métier dérivé d’un prototype anonymisé,Prospectus,OPCVM-FCP,France,EUR,Français,Non,Oui,Oui,Oui,Oui,Oui,Non applicable,Ambigu,Article 8,Conforme,Non,Finale,0,1,R009,Analyse manuelle,Oui
SCN_127,SRC_002,Scénario métier dérivé d’un prototype anonymisé,Règlement / By-Laws,FPCI,France,EUR,Français,Non,Oui,Oui,Oui,Oui,Oui,Non applicable,Présent,Article 8,Conforme,Non,Finale,0,0,R007,Création possible,Oui
SCN_128,SRC_002,Scénario métier dérivé d’un prototype anonymisé,Règlement / By-Laws,FPCI,France,EUR,Français,Non,Oui,Oui,Oui,Non,Oui,Non applicable,Présent,Article 8,Conforme,Non,Finale,1,0,R004,Complément documentaire requis avant création,Oui
SCN_129,SRC_003,Scénario métier dérivé d’un prototype anonymisé,Prospectus,FCP,France,EUR,Français,Non,Oui,Oui,Oui,Oui,Oui,Non applicable,Présent,Article 6,Conforme,Oui,Finale,0,1,R010,Analyse manuelle,Oui
SCN_130,SRC_004,Scénario métier dérivé d’un prototype anonymisé,Prospectus,OPCVM-FCP,France,EUR,Français,Non,Oui,Oui,Oui,Oui,Oui,Non applicable,Présent,Article 8,Conforme,Non,Finale,0,0,R007,Création possible,Oui
SCN_131,SRC_001,Scénario métier dérivé d’un prototype anonymisé,Prospectus,FPS,France,EUR,Français,Non,Oui,Oui,Non,Non,Oui,Non applicable,Présent,Article 8,Conforme,Non,Finale,2,0,R003|R004,Complément documentaire requis avant création,Oui
SCN_132,SRC_005,Scénario métier dérivé d’un prototype anonymisé,By-Laws,SLP,France,EUR,Français,Oui,Oui,Oui,Oui,Oui,Oui,Oui,Provisoire,Article 8,Conforme,Non,Finale,0,1,R009,Analyse manuelle,Oui
SCN_133,SRC_007,Scénario métier dérivé d’un prototype anonymisé,Limited Partnership Agreement,SCSp-SICAV-RAIF,Luxembourg,EUR,Anglais,Oui,Oui,Oui,Oui,Oui,Oui,Oui,Présent,Article 8,Conforme,Non,Finale,0,0,R007,Création possible,Oui
SCN_134,SRC_005,Scénario métier dérivé d’un prototype anonymisé,By-Laws,SLP,France,EUR,Français,Oui,Oui,Non,Oui,Oui,Oui,Oui,Présent,Article 8,Conforme,Non,Finale,1,0,R002,Complément documentaire requis avant création,Oui
SCN_135,SRC_009,Scénario métier dérivé d’un prototype anonymisé,Legal document,Scottish LP,Royaume-Uni,GBP,Anglais,Oui,Oui,Oui,Oui,Oui,Oui,Oui,Présent,Non applicable,Conforme,Oui,Finale,0,1,R010,Analyse manuelle,Oui
SCN_136,SRC_010,Scénario métier dérivé d’un prototype anonymisé,Limited Partnership Agreement,LP,États-Unis,USD,Anglais,Oui,Oui,Oui,Oui,Oui,Oui,Oui,Présent,Non applicable,Conforme,Non,Finale,0,0,R007,Création possible,Oui
SCN_137,SRC_004,Scénario métier dérivé d’un prototype anonymisé,Prospectus,OPCVM-FCP,France,EUR,Français,Non,Oui,Non,Oui,Oui,Non,Non applicable,Présent,Article 8,Conforme,Non,Finale,2,0,R002|R005,Complément documentaire requis avant création,Oui
SCN_138,SRC_009,Scénario métier dérivé d’un prototype anonymisé,Legal document,Scottish LP,Royaume-Uni,GBP,Anglais,Oui,Oui,Oui,Oui,Oui,Oui,Oui,Présent,Non applicable,Conforme,Non,Provisoire,0,1,R012,Analyse manuelle,Oui
SCN_139,SRC_005,Scénario métier dérivé d’un prototype anonymisé,By-Laws,SLP,France,EUR,Français,Oui,Oui,Oui,Oui,Oui,Oui,Oui,Présent,Article 8,Conforme,Non,Finale,0,0,R007,Création possible,Oui
SCN_140,SRC_002,Scénario métier dérivé d’un prototype anonymisé,Règlement / By-Laws,FPCI,France,EUR,Français,Non,Non,Oui,Non,Oui,Oui,Non applicable,Présent,Article 8,Conforme,Non,Finale,2,0,R001|R003,Complément documentaire requis avant création,Oui
SCN_141,SRC_006,Scénario métier dérivé d’un prototype anonymisé,Limited Partnership Deed,LP,Royaume-Uni,GBP,Anglais,Oui,Oui,Oui,Oui,Oui,Oui,Oui,Présent,Non applicable,À vérifier,Non,Finale,0,1,R011,Analyse manuelle,Oui
SCN_142,SRC_004,Scénario métier dérivé d’un prototype anonymisé,Prospectus,OPCVM-FCP,France,EUR,Français,Non,Oui,Oui,Oui,Oui,Oui,Non applicable,Présent,Article 8,Conforme,Non,Finale,0,0,R007,Création possible,Oui
SCN_143,SRC_007,Scénario métier dérivé d’un prototype anonymisé,Limited Partnership Agreement,SCSp-SICAV-RAIF,Luxembourg,EUR,Anglais,Oui,Oui,Oui,Oui,Non,Oui,Oui,Présent,Article 8,Conforme,Non,Finale,1,0,R004,Complément documentaire requis avant création,Oui
SCN_144,SRC_002,Scénario métier dérivé d’un prototype anonymisé,Règlement / By-Laws,FPCI,France,EUR,Français,Non,Oui,Oui,Oui,Oui,Oui,Non applicable,Présent,Article 8,Conforme,Non,Provisoire,0,1,R012,Analyse manuelle,Oui
SCN_145,SRC_007,Scénario métier dérivé d’un prototype anonymisé,Limited Partnership Agreement,SCSp-SICAV-RAIF,Luxembourg,EUR,Anglais,Oui,Oui,Oui,Oui,Oui,Oui,Oui,Présent,Article 8,Conforme,Non,Finale,0,0,R007,Création possible,Oui
SCN_146,SRC_004,Scénario métier dérivé d’un prototype anonymisé,Prospectus,OPCVM-FCP,France,EUR,Français,Non,Oui,Non,Oui,Oui,Oui,Non applicable,Présent,Article 8,Conforme,Non,Finale,1,0,R002,Complément documentaire requis avant création,Oui
SCN_147,SRC_002,Scénario métier dérivé d’un prototype anonymisé,Règlement / By-Laws,FPCI,France,EUR,Français,Non,Oui,Oui,Oui,Oui,Oui,Non applicable,Présent,Absent alors qu’attendu,Conforme,Non,Finale,0,1,R008,Analyse manuelle,Oui
SCN_148,SRC_003,Scénario métier dérivé d’un prototype anonymisé,Prospectus,FCP,France,EUR,Français,Non,Oui,Oui,Oui,Oui,Oui,Non applicable,Présent,Article 6,Conforme,Non,Finale,0,0,R007,Création possible,Oui
SCN_149,SRC_009,Scénario métier dérivé d’un prototype anonymisé,Legal document,Scottish LP,Royaume-Uni,GBP,Anglais,Oui,Oui,Oui,Non,Non,Oui,Oui,Présent,Non applicable,Conforme,Non,Finale,2,0,R003|R004,Complément documentaire requis avant création,Oui
SCN_150,SRC_003,Scénario métier dérivé d’un prototype anonymisé,Prospectus,FCP,France,EUR,Français,Non,Oui,Oui,Oui,Oui,Oui,Non applicable,Provisoire,Article 6,Conforme,Non,Finale,0,1,R009,Analyse manuelle,Oui
SCN_151,SRC_002,Scénario métier dérivé d’un prototype anonymisé,Règlement / By-Laws,FPCI,France,EUR,Français,Non,Oui,Oui,Oui,Oui,Oui,Non applicable,Présent,Article 8,Conforme,Non,Finale,0,0,R007,Création possible,Oui
SCN_152,SRC_005,Scénario métier dérivé d’un prototype anonymisé,By-Laws,SLP,France,EUR,Français,Oui,Oui,Non,Oui,Oui,Oui,Oui,Présent,Article 8,Conforme,Non,Finale,1,0,R002,Complément documentaire requis avant création,Oui
SCN_153,SRC_002,Scénario métier dérivé d’un prototype anonymisé,Règlement / By-Laws,FPCI,France,EUR,Français,Non,Oui,Oui,Oui,Oui,Oui,Non applicable,Présent,Article 8,À vérifier,Non,Finale,0,1,R011,Analyse manuelle,Oui
SCN_154,SRC_006,Scénario métier dérivé d’un prototype anonymisé,Limited Partnership Deed,LP,Royaume-Uni,GBP,Anglais,Oui,Oui,Oui,Oui,Oui,Oui,Oui,Présent,Non applicable,Conforme,Non,Finale,0,0,R007,Création possible,Oui
SCN_155,SRC_002,Scénario métier dérivé d’un prototype anonymisé,Règlement / By-Laws,FPCI,France,EUR,Français,Non,Non,Oui,Non,Oui,Oui,Non applicable,Présent,Article 8,Conforme,Non,Finale,2,0,R001|R003,Complément documentaire requis avant création,Oui
SCN_156,SRC_004,Scénario métier dérivé d’un prototype anonymisé,Prospectus,OPCVM-FCP,France,EUR,Français,Non,Oui,Oui,Oui,Oui,Oui,Non applicable,Provisoire,Article 8,Conforme,Oui,Finale,0,2,R009|R010,Analyse manuelle,Oui
SCN_157,SRC_004,Scénario métier dérivé d’un prototype anonymisé,Prospectus,OPCVM-FCP,France,EUR,Français,Non,Oui,Oui,Oui,Oui,Oui,Non applicable,Présent,Article 8,Conforme,Non,Finale,0,0,R007,Création possible,Oui
SCN_158,SRC_010,Scénario métier dérivé d’un prototype anonymisé,Limited Partnership Agreement,LP,États-Unis,USD,Anglais,Oui,Oui,Oui,Non,Oui,Oui,Non,Présent,Non applicable,Conforme,Non,Finale,2,0,R003|R006,Complément documentaire requis avant création,Oui
SCN_159,SRC_010,Scénario métier dérivé d’un prototype anonymisé,Limited Partnership Agreement,LP,États-Unis,USD,Anglais,Oui,Oui,Oui,Oui,Oui,Oui,Oui,Présent,Non applicable,À vérifier,Non,Finale,0,1,R011,Analyse manuelle,Oui
SCN_160,SRC_006,Scénario métier dérivé d’un prototype anonymisé,Limited Partnership Deed,LP,Royaume-Uni,GBP,Anglais,Oui,Oui,Oui,Oui,Oui,Oui,Oui,Présent,Non applicable,Conforme,Non,Finale,0,0,R007,Création possible,Oui
SCN_161,SRC_006,Scénario métier dérivé d’un prototype anonymisé,Limited Partnership Deed,LP,Royaume-Uni,GBP,Anglais,Oui,Oui,Non,Non,Oui,Oui,Non,Présent,Non applicable,Conforme,Non,Finale,3,0,R002|R003|R006,Complément documentaire requis avant création,Oui
SCN_162,SRC_002,Scénario métier dérivé d’un prototype anonymisé,Règlement / By-Laws,FPCI,France,EUR,Français,Non,Oui,Oui,Oui,Oui,Oui,Non applicable,Provisoire,Article 8,Conforme,Oui,Finale,0,2,R009|R010,Analyse manuelle,Oui
SCN_163,SRC_001,Scénario métier dérivé d’un prototype anonymisé,Prospectus,FPS,France,EUR,Français,Non,Oui,Oui,Oui,Oui,Oui,Non applicable,Présent,Article 8,Conforme,Non,Finale,0,0,R007,Création possible,Oui
SCN_164,SRC_002,Scénario métier dérivé d’un prototype anonymisé,Règlement / By-Laws,FPCI,France,EUR,Français,Non,Non,Oui,Oui,Oui,Oui,Non applicable,Présent,Article 8,Conforme,Non,Finale,1,0,R001,Complément documentaire requis avant création,Oui
SCN_165,SRC_002,Scénario métier dérivé d’un prototype anonymisé,Règlement / By-Laws,FPCI,France,EUR,Français,Non,Oui,Oui,Oui,Oui,Oui,Non applicable,Présent,Absent alors qu’attendu,Conforme,Non,Provisoire,0,2,R008|R012,Analyse manuelle,Oui
SCN_166,SRC_002,Scénario métier dérivé d’un prototype anonymisé,Règlement / By-Laws,FPCI,France,EUR,Français,Non,Oui,Oui,Oui,Oui,Oui,Non applicable,Présent,Article 8,Conforme,Non,Finale,0,0,R007,Création possible,Oui
SCN_167,SRC_008,Scénario métier dérivé d’un prototype anonymisé,Limited Partnership Agreement,LP,États-Unis,USD,Anglais,Oui,Oui,Non,Oui,Oui,Oui,Oui,Présent,Non applicable,Conforme,Non,Finale,1,0,R002,Complément documentaire requis avant création,Oui
SCN_168,SRC_009,Scénario métier dérivé d’un prototype anonymisé,Legal document,Scottish LP,Royaume-Uni,GBP,Anglais,Oui,Oui,Oui,Oui,Oui,Oui,Oui,Présent,Non applicable,À vérifier,Non,Finale,0,1,R011,Analyse manuelle,Oui
SCN_169,SRC_008,Scénario métier dérivé d’un prototype anonymisé,Limited Partnership Agreement,LP,États-Unis,USD,Anglais,Oui,Oui,Oui,Oui,Oui,Oui,Oui,Présent,Non applicable,Conforme,Non,Finale,0,0,R007,Création possible,Oui
SCN_170,SRC_005,Scénario métier dérivé d’un prototype anonymisé,By-Laws,SLP,France,EUR,Français,Oui,Oui,Oui,Non,Non,Oui,Non,Présent,Article 8,Conforme,Non,Finale,3,0,R003|R004|R006,Complément documentaire requis avant création,Oui
SCN_171,SRC_007,Scénario métier dérivé d’un prototype anonymisé,Limited Partnership Agreement,SCSp-SICAV-RAIF,Luxembourg,EUR,Anglais,Oui,Oui,Oui,Oui,Oui,Oui,Oui,Présent,Article 8,Conforme,Non,Provisoire,0,1,R012,Analyse manuelle,Oui
SCN_172,SRC_004,Scénario métier dérivé d’un prototype anonymisé,Prospectus,OPCVM-FCP,France,EUR,Français,Non,Oui,Oui,Oui,Oui,Oui,Non applicable,Présent,Article 8,Conforme,Non,Finale,0,0,R007,Création possible,Oui
SCN_173,SRC_005,Scénario métier dérivé d’un prototype anonymisé,By-Laws,SLP,France,EUR,Français,Oui,Oui,Oui,Non,Non,Oui,Oui,Présent,Article 8,Conforme,Non,Finale,2,0,R003|R004,Complément documentaire requis avant création,Oui
SCN_174,SRC_005,Scénario métier dérivé d’un prototype anonymisé,By-Laws,SLP,France,EUR,Français,Oui,Oui,Oui,Oui,Oui,Oui,Oui,Présent,Article 8,Conforme,Oui,Finale,0,1,R010,Analyse manuelle,Oui
SCN_175,SRC_004,Scénario métier dérivé d’un prototype anonymisé,Prospectus,OPCVM-FCP,France,EUR,Français,Non,Oui,Oui,Oui,Oui,Oui,Non applicable,Présent,Article 8,Conforme,Non,Finale,0,0,R007,Création possible,Oui
SCN_176,SRC_003,Scénario métier dérivé d’un prototype anonymisé,Prospectus,FCP,France,EUR,Français,Non,Oui,Oui,Non,Oui,Oui,Non applicable,Présent,Article 6,Conforme,Non,Finale,1,0,R003,Complément documentaire requis avant création,Oui
SCN_177,SRC_009,Scénario métier dérivé d’un prototype anonymisé,Legal document,Scottish LP,Royaume-Uni,GBP,Anglais,Oui,Oui,Oui,Oui,Oui,Oui,Oui,Présent,Non applicable,Conforme,Non,Provisoire,0,1,R012,Analyse manuelle,Oui
SCN_178,SRC_009,Scénario métier dérivé d’un prototype anonymisé,Legal document,Scottish LP,Royaume-Uni,GBP,Anglais,Oui,Oui,Oui,Oui,Oui,Oui,Oui,Présent,Non applicable,Conforme,Non,Finale,0,0,R007,Création possible,Oui
SCN_179,SRC_008,Scénario métier dérivé d’un prototype anonymisé,Limited Partnership Agreement,LP,États-Unis,USD,Anglais,Oui,Oui,Oui,Oui,Oui,Oui,Non,Présent,Non applicable,Conforme,Non,Finale,1,0,R006,Complément documentaire requis avant création,Oui
SCN_180,SRC_009,Scénario métier dérivé d’un prototype anonymisé,Legal document,Scottish LP,Royaume-Uni,GBP,Anglais,Oui,Oui,Oui,Oui,Oui,Oui,Oui,Ambigu,Non applicable,Conforme,Oui,Finale,0,2,R009|R010,Analyse manuelle,Oui
SCN_181,SRC_003,Scénario métier dérivé d’un prototype anonymisé,Prospectus,FCP,France,EUR,Français,Non,Oui,Oui,Oui,Oui,Oui,Non applicable,Présent,Article 6,Conforme,Non,Finale,0,0,R007,Création possible,Oui
SCN_182,SRC_009,Scénario métier dérivé d’un prototype anonymisé,Legal document,Scottish LP,Royaume-Uni,GBP,Anglais,Oui,Oui,Oui,Oui,Non,Oui,Oui,Présent,Non applicable,Conforme,Non,Finale,1,0,R004,Complément documentaire requis avant création,Oui
SCN_183,SRC_005,Scénario métier dérivé d’un prototype anonymisé,By-Laws,SLP,France,EUR,Français,Oui,Oui,Oui,Oui,Oui,Oui,Oui,Provisoire,Article 8,Conforme,Non,Finale,0,1,R009,Analyse manuelle,Oui
SCN_184,SRC_001,Scénario métier dérivé d’un prototype anonymisé,Prospectus,FPS,France,EUR,Français,Non,Oui,Oui,Oui,Oui,Oui,Non applicable,Présent,Article 8,Conforme,Non,Finale,0,0,R007,Création possible,Oui
SCN_185,SRC_008,Scénario métier dérivé d’un prototype anonymisé,Limited Partnership Agreement,LP,États-Unis,USD,Anglais,Oui,Oui,Oui,Oui,Oui,Oui,Non,Présent,Non applicable,Conforme,Non,Finale,1,0,R006,Complément documentaire requis avant création,Oui
SCN_186,SRC_008,Scénario métier dérivé d’un prototype anonymisé,Limited Partnership Agreement,LP,États-Unis,USD,Anglais,Oui,Oui,Oui,Oui,Oui,Oui,Oui,Ambigu,Non applicable,Conforme,Non,Finale,0,1,R009,Analyse manuelle,Oui
SCN_187,SRC_001,Scénario métier dérivé d’un prototype anonymisé,Prospectus,FPS,France,EUR,Français,Non,Oui,Oui,Oui,Oui,Oui,Non applicable,Présent,Article 8,Conforme,Non,Finale,0,0,R007,Création possible,Oui
SCN_188,SRC_009,Scénario métier dérivé d’un prototype anonymisé,Legal document,Scottish LP,Royaume-Uni,GBP,Anglais,Oui,Oui,Non,Oui,Non,Oui,Non,Présent,Non applicable,Conforme,Non,Finale,3,0,R002|R004|R006,Complément documentaire requis avant création,Oui
SCN_189,SRC_002,Scénario métier dérivé d’un prototype anonymisé,Règlement / By-Laws,FPCI,France,EUR,Français,Non,Oui,Oui,Oui,Oui,Oui,Non applicable,Présent,Article 8,Conforme,Oui,Finale,0,1,R010,Analyse manuelle,Oui
SCN_190,SRC_007,Scénario métier dérivé d’un prototype anonymisé,Limited Partnership Agreement,SCSp-SICAV-RAIF,Luxembourg,EUR,Anglais,Oui,Oui,Oui,Oui,Oui,Oui,Oui,Présent,Article 8,Conforme,Non,Finale,0,0,R007,Création possible,Oui
SCN_191,SRC_001,Scénario métier dérivé d’un prototype anonymisé,Prospectus,FPS,France,EUR,Français,Non,Non,Non,Oui,Oui,Oui,Non applicable,Présent,Article 8,Conforme,Non,Finale,2,0,R001|R002,Complément documentaire requis avant création,Oui
SCN_192,SRC_008,Scénario métier dérivé d’un prototype anonymisé,Limited Partnership Agreement,LP,États-Unis,USD,Anglais,Oui,Oui,Oui,Oui,Oui,Oui,Oui,Présent,Non applicable,À vérifier,Non,Finale,0,1,R011,Analyse manuelle,Oui
SCN_193,SRC_002,Scénario métier dérivé d’un prototype anonymisé,Règlement / By-Laws,FPCI,France,EUR,Français,Non,Oui,Oui,Oui,Oui,Oui,Non applicable,Présent,Article 8,Conforme,Non,Finale,0,0,R007,Création possible,Oui
SCN_194,SRC_004,Scénario métier dérivé d’un prototype anonymisé,Prospectus,OPCVM-FCP,France,EUR,Français,Non,Oui,Non,Oui,Oui,Non,Non applicable,Présent,Article 8,Conforme,Non,Finale,2,0,R002|R005,Complément documentaire requis avant création,Oui
SCN_195,SRC_008,Scénario métier dérivé d’un prototype anonymisé,Limited Partnership Agreement,LP,États-Unis,USD,Anglais,Oui,Oui,Oui,Oui,Oui,Oui,Oui,Provisoire,Absent alors qu’attendu,Conforme,Non,Finale,0,2,R008|R009,Analyse manuelle,Oui
SCN_196,SRC_008,Scénario métier dérivé d’un prototype anonymisé,Limited Partnership Agreement,LP,États-Unis,USD,Anglais,Oui,Oui,Oui,Oui,Oui,Oui,Oui,Présent,Non applicable,Conforme,Non,Finale,0,0,R007,Création possible,Oui
SCN_197,SRC_008,Scénario métier dérivé d’un prototype anonymisé,Limited Partnership Agreement,LP,États-Unis,USD,Anglais,Oui,Oui,Oui,Oui,Non,Non,Non,Présent,Non applicable,Conforme,Non,Finale,3,0,R004|R005|R006,Complément documentaire requis avant création,Oui
SCN_198,SRC_007,Scénario métier dérivé d’un prototype anonymisé,Limited Partnership Agreement,SCSp-SICAV-RAIF,Luxembourg,EUR,Anglais,Oui,Oui,Oui,Oui,Oui,Oui,Oui,Présent,Article 8,À vérifier,Non,Finale,0,1,R011,Analyse manuelle,Oui
SCN_199,SRC_006,Scénario métier dérivé d’un prototype anonymisé,Limited Partnership Deed,LP,Royaume-Uni,GBP,Anglais,Oui,Oui,Oui,Oui,Oui,Oui,Oui,Présent,Non applicable,Conforme,Non,Finale,0,0,R007,Création possible,Oui
SCN_200,SRC_001,Scénario métier dérivé d’un prototype anonymisé,Prospectus,FPS,France,EUR,Français,Non,Non,Non,Oui,Oui,Non,Non applicable,Présent,Article 8,Conforme,Non,Finale,3,0,R001|R002|R005,Complément documentaire requis avant création,Oui
SCN_201,SRC_001,Scénario métier dérivé d’un prototype anonymisé,Prospectus,FPS,France,EUR,Français,Non,Oui,Oui,Oui,Oui,Oui,Non applicable,Présent,Article 8,Conforme,Non,Provisoire,0,1,R012,Analyse manuelle,Oui
SCN_202,SRC_001,Scénario métier dérivé d’un prototype anonymisé,Prospectus,FPS,France,EUR,Français,Non,Oui,Oui,Oui,Oui,Oui,Non applicable,Présent,Article 8,Conforme,Non,Finale,0,0,R007,Création possible,Oui
SCN_203,SRC_003,Scénario métier dérivé d’un prototype anonymisé,Prospectus,FCP,France,EUR,Français,Non,Oui,Oui,Non,Oui,Oui,Non applicable,Présent,Article 6,Conforme,Non,Finale,1,0,R003,Complément documentaire requis avant création,Oui
SCN_204,SRC_009,Scénario métier dérivé d’un prototype anonymisé,Legal document,Scottish LP,Royaume-Uni,GBP,Anglais,Oui,Oui,Oui,Oui,Oui,Oui,Oui,Présent,Non applicable,Conforme,Oui,Finale,0,1,R010,Analyse manuelle,Oui
SCN_205,SRC_006,Scénario métier dérivé d’un prototype anonymisé,Limited Partnership Deed,LP,Royaume-Uni,GBP,Anglais,Oui,Oui,Oui,Oui,Oui,Oui,Oui,Présent,Non applicable,Conforme,Non,Finale,0,0,R007,Création possible,Oui
SCN_206,SRC_007,Scénario métier dérivé d’un prototype anonymisé,Limited Partnership Agreement,SCSp-SICAV-RAIF,Luxembourg,EUR,Anglais,Oui,Non,Oui,Oui,Oui,Oui,Oui,Présent,Article 8,Conforme,Non,Finale,1,0,R001,Complément documentaire requis avant création,Oui
SCN_207,SRC_002,Scénario métier dérivé d’un prototype anonymisé,Règlement / By-Laws,FPCI,France,EUR,Français,Non,Oui,Oui,Oui,Oui,Oui,Non applicable,Présent,Article 8,Conforme,Oui,Finale,0,1,R010,Analyse manuelle,Oui
SCN_208,SRC_003,Scénario métier dérivé d’un prototype anonymisé,Prospectus,FCP,France,EUR,Français,Non,Oui,Oui,Oui,Oui,Oui,Non applicable,Présent,Article 6,Conforme,Non,Finale,0,0,R007,Création possible,Oui
SCN_209,SRC_005,Scénario métier dérivé d’un prototype anonymisé,By-Laws,SLP,France,EUR,Français,Oui,Oui,Oui,Non,Oui,Oui,Non,Présent,Article 8,Conforme,Non,Finale,2,0,R003|R006,Complément documentaire requis avant création,Oui
SCN_210,SRC_004,Scénario métier dérivé d’un prototype anonymisé,Prospectus,OPCVM-FCP,France,EUR,Français,Non,Oui,Oui,Oui,Oui,Oui,Non applicable,Présent,Absent alors qu’attendu,Conforme,Non,Provisoire,0,2,R008|R012,Analyse manuelle,Oui
SCN_211,SRC_007,Scénario métier dérivé d’un prototype anonymisé,Limited Partnership Agreement,SCSp-SICAV-RAIF,Luxembourg,EUR,Anglais,Oui,Oui,Oui,Oui,Oui,Oui,Oui,Présent,Article 8,Conforme,Non,Finale,0,0,R007,Création possible,Oui
SCN_212,SRC_003,Scénario métier dérivé d’un prototype anonymisé,Prospectus,FCP,France,EUR,Français,Non,Non,Oui,Oui,Non,Oui,Non applicable,Présent,Article 6,Conforme,Non,Finale,2,0,R001|R004,Complément documentaire requis avant création,Oui
SCN_213,SRC_010,Scénario métier dérivé d’un prototype anonymisé,Limited Partnership Agreement,LP,États-Unis,USD,Anglais,Oui,Oui,Oui,Oui,Oui,Oui,Oui,Présent,Non applicable,Conforme,Oui,Finale,0,1,R010,Analyse manuelle,Oui
SCN_214,SRC_009,Scénario métier dérivé d’un prototype anonymisé,Legal document,Scottish LP,Royaume-Uni,GBP,Anglais,Oui,Oui,Oui,Oui,Oui,Oui,Oui,Présent,Non applicable,Conforme,Non,Finale,0,0,R007,Création possible,Oui
SCN_215,SRC_004,Scénario métier dérivé d’un prototype anonymisé,Prospectus,OPCVM-FCP,France,EUR,Français,Non,Oui,Oui,Oui,Non,Non,Non applicable,Présent,Article 8,Conforme,Non,Finale,2,0,R004|R005,Complément documentaire requis avant création,Oui
SCN_216,SRC_002,Scénario métier dérivé d’un prototype anonymisé,Règlement / By-Laws,FPCI,France,EUR,Français,Non,Oui,Oui,Oui,Oui,Oui,Non applicable,Présent,Article 8,Conforme,Oui,Finale,0,1,R010,Analyse manuelle,Oui
SCN_217,SRC_007,Scénario métier dérivé d’un prototype anonymisé,Limited Partnership Agreement,SCSp-SICAV-RAIF,Luxembourg,EUR,Anglais,Oui,Oui,Oui,Oui,Oui,Oui,Oui,Présent,Article 8,Conforme,Non,Finale,0,0,R007,Création possible,Oui
SCN_218,SRC_002,Scénario métier dérivé d’un prototype anonymisé,Règlement / By-Laws,FPCI,France,EUR,Français,Non,Oui,Non,Oui,Oui,Oui,Non applicable,Présent,Article 8,Conforme,Non,Finale,1,0,R002,Complément documentaire requis avant création,Oui
SCN_219,SRC_004,Scénario métier dérivé d’un prototype anonymisé,Prospectus,OPCVM-FCP,France,EUR,Français,Non,Oui,Oui,Oui,Oui,Oui,Non applicable,Présent,Absent alors qu’attendu,Conforme,Non,Finale,0,1,R008,Analyse manuelle,Oui
SCN_220,SRC_008,Scénario métier dérivé d’un prototype anonymisé,Limited Partnership Agreement,LP,États-Unis,USD,Anglais,Oui,Oui,Oui,Oui,Oui,Oui,Oui,Présent,Non applicable,Conforme,Non,Finale,0,0,R007,Création possible,Oui
SCN_221,SRC_009,Scénario métier dérivé d’un prototype anonymisé,Legal document,Scottish LP,Royaume-Uni,GBP,Anglais,Oui,Non,Non,Oui,Oui,Oui,Oui,Présent,Non applicable,Conforme,Non,Finale,2,0,R001|R002,Complément documentaire requis avant création,Oui
SCN_222,SRC_010,Scénario métier dérivé d’un prototype anonymisé,Limited Partnership Agreement,LP,États-Unis,USD,Anglais,Oui,Oui,Oui,Oui,Oui,Oui,Oui,Présent,Non applicable,Conforme,Oui,Finale,0,1,R010,Analyse manuelle,Oui
SCN_223,SRC_004,Scénario métier dérivé d’un prototype anonymisé,Prospectus,OPCVM-FCP,France,EUR,Français,Non,Oui,Oui,Oui,Oui,Oui,Non applicable,Présent,Article 8,Conforme,Non,Finale,0,0,R007,Création possible,Oui
SCN_224,SRC_004,Scénario métier dérivé d’un prototype anonymisé,Prospectus,OPCVM-FCP,France,EUR,Français,Non,Oui,Oui,Oui,Non,Oui,Non applicable,Présent,Article 8,Conforme,Non,Finale,1,0,R004,Complément documentaire requis avant création,Oui
SCN_225,SRC_003,Scénario métier dérivé d’un prototype anonymisé,Prospectus,FCP,France,EUR,Français,Non,Oui,Oui,Oui,Oui,Oui,Non applicable,Présent,Article 6,Conforme,Non,Provisoire,0,1,R012,Analyse manuelle,Oui
SCN_226,SRC_009,Scénario métier dérivé d’un prototype anonymisé,Legal document,Scottish LP,Royaume-Uni,GBP,Anglais,Oui,Oui,Oui,Oui,Oui,Oui,Oui,Présent,Non applicable,Conforme,Non,Finale,0,0,R007,Création possible,Oui
SCN_227,SRC_005,Scénario métier dérivé d’un prototype anonymisé,By-Laws,SLP,France,EUR,Français,Oui,Oui,Oui,Non,Oui,Oui,Non,Présent,Article 8,Conforme,Non,Finale,2,0,R003|R006,Complément documentaire requis avant création,Oui
SCN_228,SRC_009,Scénario métier dérivé d’un prototype anonymisé,Legal document,Scottish LP,Royaume-Uni,GBP,Anglais,Oui,Oui,Oui,Oui,Oui,Oui,Oui,Présent,Non applicable,Conforme,Non,Provisoire,0,1,R012,Analyse manuelle,Oui
SCN_229,SRC_001,Scénario métier dérivé d’un prototype anonymisé,Prospectus,FPS,France,EUR,Français,Non,Oui,Oui,Oui,Oui,Oui,Non applicable,Présent,Article 8,Conforme,Non,Finale,0,0,R007,Création possible,Oui
SCN_230,SRC_010,Scénario métier dérivé d’un prototype anonymisé,Limited Partnership Agreement,LP,États-Unis,USD,Anglais,Oui,Oui,Non,Oui,Non,Oui,Oui,Présent,Non applicable,Conforme,Non,Finale,2,0,R002|R004,Complément documentaire requis avant création,Oui
SCN_231,SRC_003,Scénario métier dérivé d’un prototype anonymisé,Prospectus,FCP,France,EUR,Français,Non,Oui,Oui,Oui,Oui,Oui,Non applicable,Présent,Absent alors qu’attendu,Conforme,Non,Provisoire,0,2,R008|R012,Analyse manuelle,Oui
SCN_232,SRC_001,Scénario métier dérivé d’un prototype anonymisé,Prospectus,FPS,France,EUR,Français,Non,Oui,Oui,Oui,Oui,Oui,Non applicable,Présent,Article 8,Conforme,Non,Finale,0,0,R007,Création possible,Oui
SCN_233,SRC_007,Scénario métier dérivé d’un prototype anonymisé,Limited Partnership Agreement,SCSp-SICAV-RAIF,Luxembourg,EUR,Anglais,Oui,Oui,Oui,Non,Oui,Oui,Non,Présent,Article 8,Conforme,Non,Finale,2,0,R003|R006,Complément documentaire requis avant création,Oui
SCN_234,SRC_004,Scénario métier dérivé d’un prototype anonymisé,Prospectus,OPCVM-FCP,France,EUR,Français,Non,Oui,Oui,Oui,Oui,Oui,Non applicable,Présent,Absent alors qu’attendu,Conforme,Non,Finale,0,1,R008,Analyse manuelle,Oui
SCN_235,SRC_008,Scénario métier dérivé d’un prototype anonymisé,Limited Partnership Agreement,LP,États-Unis,USD,Anglais,Oui,Oui,Oui,Oui,Oui,Oui,Oui,Présent,Non applicable,Conforme,Non,Finale,0,0,R007,Création possible,Oui
SCN_236,SRC_009,Scénario métier dérivé d’un prototype anonymisé,Legal document,Scottish LP,Royaume-Uni,GBP,Anglais,Oui,Oui,Oui,Oui,Oui,Non,Oui,Présent,Non applicable,Conforme,Non,Finale,1,0,R005,Complément documentaire requis avant création,Oui
SCN_237,SRC_003,Scénario métier dérivé d’un prototype anonymisé,Prospectus,FCP,France,EUR,Français,Non,Oui,Oui,Oui,Oui,Oui,Non applicable,Présent,Absent alors qu’attendu,À vérifier,Non,Finale,0,2,R008|R011,Analyse manuelle,Oui
SCN_238,SRC_009,Scénario métier dérivé d’un prototype anonymisé,Legal document,Scottish LP,Royaume-Uni,GBP,Anglais,Oui,Oui,Oui,Oui,Oui,Oui,Oui,Présent,Non applicable,Conforme,Non,Finale,0,0,R007,Création possible,Oui
SCN_239,SRC_007,Scénario métier dérivé d’un prototype anonymisé,Limited Partnership Agreement,SCSp-SICAV-RAIF,Luxembourg,EUR,Anglais,Oui,Non,Oui,Oui,Oui,Non,Oui,Présent,Article 8,Conforme,Non,Finale,2,0,R001|R005,Complément documentaire requis avant création,Oui
SCN_240,SRC_002,Scénario métier dérivé d’un prototype anonymisé,Règlement / By-Laws,FPCI,France,EUR,Français,Non,Oui,Oui,Oui,Oui,Oui,Non applicable,Présent,Article 8,Conforme,Non,Provisoire,0,1,R012,Analyse manuelle,Oui
SCN_241,SRC_007,Scénario métier dérivé d’un prototype anonymisé,Limited Partnership Agreement,SCSp-SICAV-RAIF,Luxembourg,EUR,Anglais,Oui,Oui,Oui,Oui,Oui,Oui,Oui,Présent,Article 8,Conforme,Non,Finale,0,0,R007,Création possible,Oui
SCN_242,SRC_001,Scénario métier dérivé d’un prototype anonymisé,Prospectus,FPS,France,EUR,Français,Non,Oui,Oui,Oui,Non,Oui,Non applicable,Présent,Article 8,Conforme,Non,Finale,1,0,R004,Complément documentaire requis avant création,Oui
SCN_243,SRC_004,Scénario métier dérivé d’un prototype anonymisé,Prospectus,OPCVM-FCP,France,EUR,Français,Non,Oui,Oui,Oui,Oui,Oui,Non applicable,Présent,Absent alors qu’attendu,Conforme,Non,Finale,0,1,R008,Analyse manuelle,Oui
SCN_244,SRC_006,Scénario métier dérivé d’un prototype anonymisé,Limited Partnership Deed,LP,Royaume-Uni,GBP,Anglais,Oui,Oui,Oui,Oui,Oui,Oui,Oui,Présent,Non applicable,Conforme,Non,Finale,0,0,R007,Création possible,Oui
SCN_245,SRC_007,Scénario métier dérivé d’un prototype anonymisé,Limited Partnership Agreement,SCSp-SICAV-RAIF,Luxembourg,EUR,Anglais,Oui,Non,Oui,Oui,Oui,Oui,Oui,Présent,Article 8,Conforme,Non,Finale,1,0,R001,Complément documentaire requis avant création,Oui
SCN_246,SRC_004,Scénario métier dérivé d’un prototype anonymisé,Prospectus,OPCVM-FCP,France,EUR,Français,Non,Oui,Oui,Oui,Oui,Oui,Non applicable,Présent,Article 8,À vérifier,Non,Finale,0,1,R011,Analyse manuelle,Oui
SCN_247,SRC_009,Scénario métier dérivé d’un prototype anonymisé,Legal document,Scottish LP,Royaume-Uni,GBP,Anglais,Oui,Oui,Oui,Oui,Oui,Oui,Oui,Présent,Non applicable,Conforme,Non,Finale,0,0,R007,Création possible,Oui
SCN_248,SRC_004,Scénario métier dérivé d’un prototype anonymisé,Prospectus,OPCVM-FCP,France,EUR,Français,Non,Non,Oui,Non,Oui,Oui,Non applicable,Présent,Article 8,Conforme,Non,Finale,2,0,R001|R003,Complément documentaire requis avant création,Oui
SCN_249,SRC_002,Scénario métier dérivé d’un prototype anonymisé,Règlement / By-Laws,FPCI,France,EUR,Français,Non,Oui,Oui,Oui,Oui,Oui,Non applicable,Présent,Article 8,À vérifier,Non,Finale,0,1,R011,Analyse manuelle,Oui
SCN_250,SRC_008,Scénario métier dérivé d’un prototype anonymisé,Limited Partnership Agreement,LP,États-Unis,USD,Anglais,Oui,Oui,Oui,Oui,Oui,Oui,Oui,Présent,Non applicable,Conforme,Non,Finale,0,0,R007,Création possible,Oui
SCN_251,SRC_006,Scénario métier dérivé d’un prototype anonymisé,Limited Partnership Deed,LP,Royaume-Uni,GBP,Anglais,Oui,Non,Non,Oui,Non,Oui,Oui,Présent,Non applicable,Conforme,Non,Finale,3,0,R001|R002|R004,Complément documentaire requis avant création,Oui
SCN_252,SRC_003,Scénario métier dérivé d’un prototype anonymisé,Prospectus,FCP,France,EUR,Français,Non,Oui,Oui,Oui,Oui,Oui,Non applicable,Présent,Article 6,À vérifier,Non,Finale,0,1,R011,Analyse manuelle,Oui
SCN_253,SRC_008,Scénario métier dérivé d’un prototype anonymisé,Limited Partnership Agreement,LP,États-Unis,USD,Anglais,Oui,Oui,Oui,Oui,Oui,Oui,Oui,Présent,Non applicable,Conforme,Non,Finale,0,0,R007,Création possible,Oui
SCN_254,SRC_001,Scénario métier dérivé d’un prototype anonymisé,Prospectus,FPS,France,EUR,Français,Non,Non,Non,Oui,Oui,Oui,Non applicable,Présent,Article 8,Conforme,Non,Finale,2,0,R001|R002,Complément documentaire requis avant création,Oui
SCN_255,SRC_007,Scénario métier dérivé d’un prototype anonymisé,Limited Partnership Agreement,SCSp-SICAV-RAIF,Luxembourg,EUR,Anglais,Oui,Oui,Oui,Oui,Oui,Oui,Oui,Présent,Article 8,Conforme,Oui,Finale,0,1,R010,Analyse manuelle,Oui
SCN_256,SRC_009,Scénario métier dérivé d’un prototype anonymisé,Legal document,Scottish LP,Royaume-Uni,GBP,Anglais,Oui,Oui,Oui,Oui,Oui,Oui,Oui,Présent,Non applicable,Conforme,Non,Finale,0,0,R007,Création possible,Oui
SCN_257,SRC_008,Scénario métier dérivé d’un prototype anonymisé,Limited Partnership Agreement,LP,États-Unis,USD,Anglais,Oui,Non,Oui,Oui,Oui,Oui,Oui,Présent,Non applicable,Conforme,Non,Finale,1,0,R001,Complément documentaire requis avant création,Oui
SCN_258,SRC_010,Scénario métier dérivé d’un prototype anonymisé,Limited Partnership Agreement,LP,États-Unis,USD,Anglais,Oui,Oui,Oui,Oui,Oui,Oui,Oui,Présent,Absent alors qu’attendu,Conforme,Oui,Finale,0,2,R008|R010,Analyse manuelle,Oui
SCN_259,SRC_002,Scénario métier dérivé d’un prototype anonymisé,Règlement / By-Laws,FPCI,France,EUR,Français,Non,Oui,Oui,Oui,Oui,Oui,Non applicable,Présent,Article 8,Conforme,Non,Finale,0,0,R007,Création possible,Oui
SCN_260,SRC_002,Scénario métier dérivé d’un prototype anonymisé,Règlement / By-Laws,FPCI,France,EUR,Français,Non,Oui,Oui,Oui,Oui,Non,Non applicable,Présent,Article 8,Conforme,Non,Finale,1,0,R005,Complément documentaire requis avant création,Oui
SCN_261,SRC_008,Scénario métier dérivé d’un prototype anonymisé,Limited Partnership Agreement,LP,États-Unis,USD,Anglais,Oui,Oui,Oui,Oui,Oui,Oui,Oui,Présent,Non applicable,Conforme,Oui,Finale,0,1,R010,Analyse manuelle,Oui
SCN_262,SRC_008,Scénario métier dérivé d’un prototype anonymisé,Limited Partnership Agreement,LP,États-Unis,USD,Anglais,Oui,Oui,Oui,Oui,Oui,Oui,Oui,Présent,Non applicable,Conforme,Non,Finale,0,0,R007,Création possible,Oui
SCN_263,SRC_010,Scénario métier dérivé d’un prototype anonymisé,Limited Partnership Agreement,LP,États-Unis,USD,Anglais,Oui,Oui,Non,Oui,Oui,Oui,Oui,Présent,Non applicable,Conforme,Non,Finale,1,0,R002,Complément documentaire requis avant création,Oui
SCN_264,SRC_009,Scénario métier dérivé d’un prototype anonymisé,Legal document,Scottish LP,Royaume-Uni,GBP,Anglais,Oui,Oui,Oui,Oui,Oui,Oui,Oui,Présent,Absent alors qu’attendu,Conforme,Non,Finale,0,1,R008,Analyse manuelle,Oui
SCN_265,SRC_003,Scénario métier dérivé d’un prototype anonymisé,Prospectus,FCP,France,EUR,Français,Non,Oui,Oui,Oui,Oui,Oui,Non applicable,Présent,Article 6,Conforme,Non,Finale,0,0,R007,Création possible,Oui
SCN_266,SRC_001,Scénario métier dérivé d’un prototype anonymisé,Prospectus,FPS,France,EUR,Français,Non,Oui,Oui,Oui,Non,Oui,Non applicable,Présent,Article 8,Conforme,Non,Finale,1,0,R004,Complément documentaire requis avant création,Oui
SCN_267,SRC_004,Scénario métier dérivé d’un prototype anonymisé,Prospectus,OPCVM-FCP,France,EUR,Français,Non,Oui,Oui,Oui,Oui,Oui,Non applicable,Provisoire,Article 8,Conforme,Non,Finale,0,1,R009,Analyse manuelle,Oui
SCN_268,SRC_002,Scénario métier dérivé d’un prototype anonymisé,Règlement / By-Laws,FPCI,France,EUR,Français,Non,Oui,Oui,Oui,Oui,Oui,Non applicable,Présent,Article 8,Conforme,Non,Finale,0,0,R007,Création possible,Oui
SCN_269,SRC_010,Scénario métier dérivé d’un prototype anonymisé,Limited Partnership Agreement,LP,États-Unis,USD,Anglais,Oui,Oui,Oui,Oui,Oui,Oui,Non,Présent,Non applicable,Conforme,Non,Finale,1,0,R006,Complément documentaire requis avant création,Oui
SCN_270,SRC_008,Scénario métier dérivé d’un prototype anonymisé,Limited Partnership Agreement,LP,États-Unis,USD,Anglais,Oui,Oui,Oui,Oui,Oui,Oui,Oui,Présent,Absent alors qu’attendu,À vérifier,Non,Finale,0,2,R008|R011,Analyse manuelle,Oui
SCN_271,SRC_005,Scénario métier dérivé d’un prototype anonymisé,By-Laws,SLP,France,EUR,Français,Oui,Oui,Oui,Oui,Oui,Oui,Oui,Présent,Article 8,Conforme,Non,Finale,0,0,R007,Création possible,Oui
SCN_272,SRC_009,Scénario métier dérivé d’un prototype anonymisé,Legal document,Scottish LP,Royaume-Uni,GBP,Anglais,Oui,Oui,Oui,Oui,Oui,Non,Non,Présent,Non applicable,Conforme,Non,Finale,2,0,R005|R006,Complément documentaire requis avant création,Oui
SCN_273,SRC_005,Scénario métier dérivé d’un prototype anonymisé,By-Laws,SLP,France,EUR,Français,Oui,Oui,Oui,Oui,Oui,Oui,Oui,Présent,Article 8,À vérifier,Oui,Finale,0,2,R010|R011,Analyse manuelle,Oui
SCN_274,SRC_008,Scénario métier dérivé d’un prototype anonymisé,Limited Partnership Agreement,LP,États-Unis,USD,Anglais,Oui,Oui,Oui,Oui,Oui,Oui,Oui,Présent,Non applicable,Conforme,Non,Finale,0,0,R007,Création possible,Oui
SCN_275,SRC_005,Scénario métier dérivé d’un prototype anonymisé,By-Laws,SLP,France,EUR,Français,Oui,Non,Oui,Oui,Non,Oui,Oui,Présent,Article 8,Conforme,Non,Finale,2,0,R001|R004,Complément documentaire requis avant création,Oui
SCN_276,SRC_008,Scénario métier dérivé d’un prototype anonymisé,Limited Partnership Agreement,LP,États-Unis,USD,Anglais,Oui,Oui,Oui,Oui,Oui,Oui,Oui,Présent,Non applicable,Conforme,Non,Provisoire,0,1,R012,Analyse manuelle,Oui
SCN_277,SRC_003,Scénario métier dérivé d’un prototype anonymisé,Prospectus,FCP,France,EUR,Français,Non,Oui,Oui,Oui,Oui,Oui,Non applicable,Présent,Article 6,Conforme,Non,Finale,0,0,R007,Création possible,Oui
SCN_278,SRC_007,Scénario métier dérivé d’un prototype anonymisé,Limited Partnership Agreement,SCSp-SICAV-RAIF,Luxembourg,EUR,Anglais,Oui,Oui,Oui,Non,Oui,Oui,Oui,Présent,Article 8,Conforme,Non,Finale,1,0,R003,Complément documentaire requis avant création,Oui
SCN_279,SRC_002,Scénario métier dérivé d’un prototype anonymisé,Règlement / By-Laws,FPCI,France,EUR,Français,Non,Oui,Oui,Oui,Oui,Oui,Non applicable,Ambigu,Article 8,À vérifier,Non,Finale,0,2,R009|R011,Analyse manuelle,Oui
SCN_280,SRC_005,Scénario métier dérivé d’un prototype anonymisé,By-Laws,SLP,France,EUR,Français,Oui,Oui,Oui,Oui,Oui,Oui,Oui,Présent,Article 8,Conforme,Non,Finale,0,0,R007,Création possible,Oui
SCN_281,SRC_007,Scénario métier dérivé d’un prototype anonymisé,Limited Partnership Agreement,SCSp-SICAV-RAIF,Luxembourg,EUR,Anglais,Oui,Non,Oui,Oui,Oui,Oui,Oui,Présent,Article 8,Conforme,Non,Finale,1,0,R001,Complément documentaire requis avant création,Oui
SCN_282,SRC_004,Scénario métier dérivé d’un prototype anonymisé,Prospectus,OPCVM-FCP,France,EUR,Français,Non,Oui,Oui,Oui,Oui,Oui,Non applicable,Présent,Article 8,À vérifier,Non,Finale,0,1,R011,Analyse manuelle,Oui
SCN_283,SRC_010,Scénario métier dérivé d’un prototype anonymisé,Limited Partnership Agreement,LP,États-Unis,USD,Anglais,Oui,Oui,Oui,Oui,Oui,Oui,Oui,Présent,Non applicable,Conforme,Non,Finale,0,0,R007,Création possible,Oui
SCN_284,SRC_001,Scénario métier dérivé d’un prototype anonymisé,Prospectus,FPS,France,EUR,Français,Non,Oui,Oui,Non,Oui,Oui,Non applicable,Présent,Article 8,Conforme,Non,Finale,1,0,R003,Complément documentaire requis avant création,Oui
SCN_285,SRC_006,Scénario métier dérivé d’un prototype anonymisé,Limited Partnership Deed,LP,Royaume-Uni,GBP,Anglais,Oui,Oui,Oui,Oui,Oui,Oui,Oui,Présent,Non applicable,Conforme,Oui,Finale,0,1,R010,Analyse manuelle,Oui
SCN_286,SRC_008,Scénario métier dérivé d’un prototype anonymisé,Limited Partnership Agreement,LP,États-Unis,USD,Anglais,Oui,Oui,Oui,Oui,Oui,Oui,Oui,Présent,Non applicable,Conforme,Non,Finale,0,0,R007,Création possible,Oui
SCN_287,SRC_001,Scénario métier dérivé d’un prototype anonymisé,Prospectus,FPS,France,EUR,Français,Non,Oui,Oui,Oui,Non,Oui,Non applicable,Présent,Article 8,Conforme,Non,Finale,1,0,R004,Complément documentaire requis avant création,Oui
SCN_288,SRC_006,Scénario métier dérivé d’un prototype anonymisé,Limited Partnership Deed,LP,Royaume-Uni,GBP,Anglais,Oui,Oui,Oui,Oui,Oui,Oui,Oui,Présent,Non applicable,À vérifier,Non,Finale,0,1,R011,Analyse manuelle,Oui
SCN_289,SRC_008,Scénario métier dérivé d’un prototype anonymisé,Limited Partnership Agreement,LP,États-Unis,USD,Anglais,Oui,Oui,Oui,Oui,Oui,Oui,Oui,Présent,Non applicable,Conforme,Non,Finale,0,0,R007,Création possible,Oui
SCN_290,SRC_008,Scénario métier dérivé d’un prototype anonymisé,Limited Partnership Agreement,LP,États-Unis,USD,Anglais,Oui,Oui,Oui,Non,Non,Non,Oui,Présent,Non applicable,Conforme,Non,Finale,3,0,R003|R004|R005,Complément documentaire requis avant création,Oui
SCN_291,SRC_005,Scénario métier dérivé d’un prototype anonymisé,By-Laws,SLP,France,EUR,Français,Oui,Oui,Oui,Oui,Oui,Oui,Oui,Présent,Absent alors qu’attendu,Conforme,Non,Finale,0,1,R008,Analyse manuelle,Oui
SCN_292,SRC_001,Scénario métier dérivé d’un prototype anonymisé,Prospectus,FPS,France,EUR,Français,Non,Oui,Oui,Oui,Oui,Oui,Non applicable,Présent,Article 8,Conforme,Non,Finale,0,0,R007,Création possible,Oui
SCN_293,SRC_007,Scénario métier dérivé d’un prototype anonymisé,Limited Partnership Agreement,SCSp-SICAV-RAIF,Luxembourg,EUR,Anglais,Oui,Oui,Non,Oui,Oui,Oui,Oui,Présent,Article 8,Conforme,Non,Finale,1,0,R002,Complément documentaire requis avant création,Oui
SCN_294,SRC_001,Scénario métier dérivé d’un prototype anonymisé,Prospectus,FPS,France,EUR,Français,Non,Oui,Oui,Oui,Oui,Oui,Non applicable,Présent,Article 8,Conforme,Oui,Provisoire,0,2,R010|R012,Analyse manuelle,Oui
SCN_295,SRC_009,Scénario métier dérivé d’un prototype anonymisé,Legal document,Scottish LP,Royaume-Uni,GBP,Anglais,Oui,Oui,Oui,Oui,Oui,Oui,Oui,Présent,Non applicable,Conforme,Non,Finale,0,0,R007,Création possible,Oui
SCN_296,SRC_007,Scénario métier dérivé d’un prototype anonymisé,Limited Partnership Agreement,SCSp-SICAV-RAIF,Luxembourg,EUR,Anglais,Oui,Oui,Non,Non,Oui,Oui,Oui,Présent,Article 8,Conforme,Non,Finale,2,0,R002|R003,Complément documentaire requis avant création,Oui
SCN_297,SRC_003,Scénario métier dérivé d’un prototype anonymisé,Prospectus,FCP,France,EUR,Français,Non,Oui,Oui,Oui,Oui,Oui,Non applicable,Présent,Article 6,Conforme,Non,Provisoire,0,1,R012,Analyse manuelle,Oui
SCN_298,SRC_007,Scénario métier dérivé d’un prototype anonymisé,Limited Partnership Agreement,SCSp-SICAV-RAIF,Luxembourg,EUR,Anglais,Oui,Oui,Oui,Oui,Oui,Oui,Oui,Présent,Article 8,Conforme,Non,Finale,0,0,R007,Création possible,Oui
SCN_299,SRC_002,Scénario métier dérivé d’un prototype anonymisé,Règlement / By-Laws,FPCI,France,EUR,Français,Non,Oui,Oui,Oui,Oui,Non,Non applicable,Présent,Article 8,Conforme,Non,Finale,1,0,R005,Complément documentaire requis avant création,Oui
SCN_300,SRC_001,Scénario métier dérivé d’un prototype anonymisé,Prospectus,FPS,France,EUR,Français,Non,Oui,Oui,Oui,Oui,Oui,Non applicable,Présent,Article 8,À vérifier,Non,Finale,0,1,R011,Analyse manuelle,Oui
